<retcode>0</retcode><message>ok</message>
<data>
<obtid>59287</obtid><ddatetime>20211024095018</ddatetime><t>241</t><p>10067</p><u>62</u><wd>209</wd><wf>144</wf><r>7</r><vis>102661</vis><endl/>
<obtid>59287</obtid><ddatetime>20211024095118</ddatetime><t>30</t><p>10025</p><u>49</u><wd>60</wd><wf>59</wf><r>12</r><vis>104041</vis><endl/>
<obtid>59287</obtid><ddatetime>20211024095218</ddatetime><t>216</t><p>10133</p><u>21</u><wd>218</wd><wf>51</wf><r>10</r><vis>100660</vis><endl/>
<obtid>59287</obtid><ddatetime>20211024095318</ddatetime><t>79</t><p>10077</p><u>98</u><wd>273</wd><wf>69</wf><r>13</r><vis>104027</vis><endl/>
<obtid>59287</obtid><ddatetime>20211024095418</ddatetime><t>338</t><p>10244</p><u>37</u><wd>102</wd><wf>73</wf><r>3</r><vis>103421</vis><endl/>
<obtid>59287</obtid><ddatetime>20211024095518</ddatetime><t>94</t><p>10074</p><u>79</u><wd>115</wd><wf>68</wf><r>2</r><vis>102290</vis><endl/>
<obtid>59287</obtid><ddatetime>20211024095618</ddatetime><t>117</t><p>10124</p><u>5</u><wd>41</wd><wf>27</wf><r>15</r><vis>102693</vis><endl/>
<obtid>59287</obtid><ddatetime>20211024095718</ddatetime><t>148</t><p>10065</p><u>65</u><wd>124</wd><wf>27</wf><r>1</r><vis>100090</vis><endl/>
<obtid>59287</obtid><ddatetime>20211024100719</ddatetime><t>24</t><p>10005</p><u>86</u><wd>197</wd><wf>68</wf><r>10</r><vis>100834</vis><endl/>
<obtid>59287</obtid><ddatetime>20211024100819</ddatetime><t>97</t><p>10094</p><u>65</u><wd>215</wd><wf>133</wf><r>14</r><vis>102906</vis><endl/>
<obtid>59287</obtid><ddatetime>20211024100919</ddatetime><t>157</t><p>10024</p><u>53</u><wd>311</wd><wf>33</wf><r>7</r><vis>101396</vis><endl/>
<obtid>59287</obtid><ddatetime>20211024101019</ddatetime><t>179</t><p>10224</p><u>21</u><wd>357</wd><wf>70</wf><r>14</r><vis>102998</vis><endl/>
<obtid>59287</obtid><ddatetime>20211024101119</ddatetime><t>115</t><p>10172</p><u>42</u><wd>173</wd><wf>43</wf><r>8</r><vis>100342</vis><endl/>
<obtid>59287</obtid><ddatetime>20211024101219</ddatetime><t>205</t><p>10057</p><u>41</u><wd>322</wd><wf>79</wf><r>13</r><vis>104332</vis><endl/>
<obtid>59287</obtid><ddatetime>20211024101319</ddatetime><t>0</t><p>10178</p><u>21</u><wd>21</wd><wf>72</wf><r>11</r><vis>102283</vis><endl/>
<obtid>59287</obtid><ddatetime>20211024101419</ddatetime><t>203</t><p>10061</p><u>17</u><wd>207</wd><wf>111</wf><r>4</r><vis>104528</vis><endl/>
<obtid>59287</obtid><ddatetime>20211024095818</ddatetime><t>54</t><p>10228</p><u>8</u><wd>216</wd><wf>12</wf><r>13</r><vis>103267</vis><endl/>
<obtid>59287</obtid><ddatetime>20211024095918</ddatetime><t>104</t><p>10124</p><u>56</u><wd>108</wd><wf>17</wf><r>13</r><vis>100594</vis><endl/>
<obtid>59287</obtid><ddatetime>20211024100018</ddatetime><t>203</t><p>10264</p><u>36</u><wd>293</wd><wf>120</wf><r>15</r><vis>103426</vis><endl/>
<obtid>59287</obtid><ddatetime>20211024100118</ddatetime><t>114</t><p>10101</p><u>33</u><wd>322</wd><wf>98</wf><r>14</r><vis>102841</vis><endl/>
<obtid>59287</obtid><ddatetime>20211024100219</ddatetime><t>343</t><p>10161</p><u>48</u><wd>315</wd><wf>27</wf><r>7</r><vis>102866</vis><endl/>
<obtid>59287</obtid><ddatetime>20211024100319</ddatetime><t>130</t><p>10117</p><u>30</u><wd>22</wd><wf>58</wf><r>1</r><vis>104369</vis><endl/>
<obtid>59287</obtid><ddatetime>20211024100419</ddatetime><t>215</t><p>10152</p><u>88</u><wd>64</wd><wf>23</wf><r>6</r><vis>101014</vis><endl/>
<obtid>59287</obtid><ddatetime>20211024100519</ddatetime><t>270</t><p>10042</p><u>10</u><wd>130</wd><wf>105</wf><r>11</r><vis>104605</vis><endl/>
<obtid>59287</obtid><ddatetime>20211024100619</ddatetime><t>306</t><p>10077</p><u>5</u><wd>268</wd><wf>66</wf><r>15</r><vis>104793</vis><endl/>
<obtid>59287</obtid><ddatetime>20211024102419</ddatetime><t>195</t><p>10140</p><u>86</u><wd>285</wd><wf>76</wf><r>7</r><vis>103853</vis><endl/>
<obtid>59287</obtid><ddatetime>20211024102519</ddatetime><t>106</t><p>10171</p><u>24</u><wd>262</wd><wf>56</wf><r>12</r><vis>101087</vis><endl/>
<obtid>59287</obtid><ddatetime>20211024102619</ddatetime><t>161</t><p>10044</p><u>81</u><wd>37</wd><wf>98</wf><r>15</r><vis>102726</vis><endl/>
<obtid>59287</obtid><ddatetime>20211024102719</ddatetime><t>181</t><p>10015</p><u>4</u><wd>263</wd><wf>14</wf><r>3</r><vis>100180</vis><endl/>
<obtid>59287</obtid><ddatetime>20211024102819</ddatetime><t>217</t><p>10046</p><u>92</u><wd>50</wd><wf>112</wf><r>9</r><vis>101561</vis><endl/>
<obtid>59287</obtid><ddatetime>20211024102919</ddatetime><t>206</t><p>10166</p><u>77</u><wd>19</wd><wf>115</wf><r>10</r><vis>100518</vis><endl/>
<obtid>59287</obtid><ddatetime>20211024103019</ddatetime><t>348</t><p>10219</p><u>42</u><wd>67</wd><wf>68</wf><r>10</r><vis>102707</vis><endl/>
<obtid>59287</obtid><ddatetime>20211024103119</ddatetime><t>136</t><p>10069</p><u>53</u><wd>210</wd><wf>97</wf><r>6</r><vis>103373</vis><endl/>
<obtid>59287</obtid><ddatetime>20211024101519</ddatetime><t>82</t><p>10189</p><u>50</u><wd>133</wd><wf>114</wf><r>15</r><vis>101759</vis><endl/>
<obtid>59287</obtid><ddatetime>20211024101619</ddatetime><t>185</t><p>10185</p><u>5</u><wd>137</wd><wf>81</wf><r>14</r><vis>103847</vis><endl/>
<obtid>59287</obtid><ddatetime>20211024101719</ddatetime><t>237</t><p>10155</p><u>11</u><wd>329</wd><wf>78</wf><r>1</r><vis>101373</vis><endl/>
<obtid>59287</obtid><ddatetime>20211024101819</ddatetime><t>21</t><p>10206</p><u>97</u><wd>138</wd><wf>48</wf><r>12</r><vis>104422</vis><endl/>
<obtid>59287</obtid><ddatetime>20211024101919</ddatetime><t>79</t><p>10060</p><u>42</u><wd>297</wd><wf>144</wf><r>14</r><vis>104950</vis><endl/>
<obtid>59287</obtid><ddatetime>20211024102019</ddatetime><t>223</t><p>10006</p><u>1</u><wd>249</wd><wf>49</wf><r>13</r><vis>100987</vis><endl/>
<obtid>59287</obtid><ddatetime>20211024102119</ddatetime><t>46</t><p>10135</p><u>74</u><wd>153</wd><wf>44</wf><r>2</r><vis>103966</vis><endl/>
<obtid>59287</obtid><ddatetime>20211024102219</ddatetime><t>4</t><p>10103</p><u>84</u><wd>208</wd><wf>23</wf><r>8</r><vis>102707</vis><endl/>
<obtid>59287</obtid><ddatetime>20211024102319</ddatetime><t>322</t><p>10031</p><u>40</u><wd>164</wd><wf>37</wf><r>4</r><vis>100054</vis><endl/>
<obtid>59287</obtid><ddatetime>20211024104119</ddatetime><t>33</t><p>10206</p><u>71</u><wd>270</wd><wf>56</wf><r>15</r><vis>100823</vis><endl/>
<obtid>59287</obtid><ddatetime>20211024104219</ddatetime><t>312</t><p>10247</p><u>47</u><wd>101</wd><wf>9</wf><r>10</r><vis>101446</vis><endl/>
<obtid>59287</obtid><ddatetime>20211024104319</ddatetime><t>81</t><p>10195</p><u>10</u><wd>123</wd><wf>47</wf><r>14</r><vis>104310</vis><endl/>
<obtid>59287</obtid><ddatetime>20211024104419</ddatetime><t>174</t><p>10018</p><u>71</u><wd>274</wd><wf>118</wf><r>14</r><vis>103223</vis><endl/>
<obtid>59287</obtid><ddatetime>20211024104519</ddatetime><t>213</t><p>10109</p><u>58</u><wd>31</wd><wf>6</wf><r>7</r><vis>104199</vis><endl/>
<obtid>59287</obtid><ddatetime>20211024104619</ddatetime><t>172</t><p>10012</p><u>74</u><wd>147</wd><wf>72</wf><r>5</r><vis>101658</vis><endl/>
<obtid>59287</obtid><ddatetime>20211024104719</ddatetime><t>212</t><p>10089</p><u>25</u><wd>268</wd><wf>82</wf><r>13</r><vis>100083</vis><endl/>
<obtid>59287</obtid><ddatetime>20211024104819</ddatetime><t>162</t><p>10089</p><u>74</u><wd>68</wd><wf>45</wf><r>7</r><vis>102561</vis><endl/>
<obtid>59287</obtid><ddatetime>20211024103219</ddatetime><t>167</t><p>10063</p><u>46</u><wd>78</wd><wf>43</wf><r>11</r><vis>104032</vis><endl/>
<obtid>59287</obtid><ddatetime>20211024103319</ddatetime><t>225</t><p>10225</p><u>53</u><wd>226</wd><wf>43</wf><r>11</r><vis>100856</vis><endl/>
<obtid>59287</obtid><ddatetime>20211024103419</ddatetime><t>217</t><p>10247</p><u>42</u><wd>103</wd><wf>42</wf><r>1</r><vis>102430</vis><endl/>
<obtid>59287</obtid><ddatetime>20211024103519</ddatetime><t>135</t><p>10116</p><u>67</u><wd>216</wd><wf>4</wf><r>12</r><vis>100628</vis><endl/>
<obtid>59287</obtid><ddatetime>20211024103619</ddatetime><t>121</t><p>10010</p><u>41</u><wd>263</wd><wf>46</wf><r>9</r><vis>102960</vis><endl/>
<obtid>59287</obtid><ddatetime>20211024103719</ddatetime><t>115</t><p>10147</p><u>74</u><wd>288</wd><wf>18</wf><r>7</r><vis>103720</vis><endl/>
<obtid>59287</obtid><ddatetime>20211024103819</ddatetime><t>328</t><p>10161</p><u>4</u><wd>143</wd><wf>99</wf><r>15</r><vis>100795</vis><endl/>
<obtid>59287</obtid><ddatetime>20211024103919</ddatetime><t>33</t><p>10198</p><u>56</u><wd>264</wd><wf>15</wf><r>1</r><vis>104946</vis><endl/>
<obtid>59287</obtid><ddatetime>20211024104019</ddatetime><t>310</t><p>10249</p><u>8</u><wd>178</wd><wf>59</wf><r>0</r><vis>104437</vis><endl/>
<obtid>59287</obtid><ddatetime>20211024105819</ddatetime><t>46</t><p>10150</p><u>77</u><wd>71</wd><wf>149</wf><r>10</r><vis>101964</vis><endl/>
<obtid>59287</obtid><ddatetime>20211024105919</ddatetime><t>348</t><p>10189</p><u>53</u><wd>131</wd><wf>69</wf><r>6</r><vis>102962</vis><endl/>
<obtid>59287</obtid><ddatetime>20211024110019</ddatetime><t>347</t><p>10085</p><u>83</u><wd>129</wd><wf>140</wf><r>10</r><vis>101621</vis><endl/>
<obtid>59287</obtid><ddatetime>20211024110119</ddatetime><t>346</t><p>10199</p><u>5</u><wd>109</wd><wf>106</wf><r>7</r><vis>100780</vis><endl/>
<obtid>59287</obtid><ddatetime>20211024110219</ddatetime><t>327</t><p>10091</p><u>55</u><wd>92</wd><wf>41</wf><r>7</r><vis>101616</vis><endl/>
<obtid>59287</obtid><ddatetime>20211024110319</ddatetime><t>235</t><p>10043</p><u>57</u><wd>121</wd><wf>15</wf><r>13</r><vis>104997</vis><endl/>
<obtid>59287</obtid><ddatetime>20211024110419</ddatetime><t>330</t><p>10034</p><u>55</u><wd>169</wd><wf>70</wf><r>3</r><vis>103552</vis><endl/>
<obtid>59287</obtid><ddatetime>20211024110519</ddatetime><t>95</t><p>10246</p><u>44</u><wd>97</wd><wf>22</wf><r>2</r><vis>100702</vis><endl/>
<obtid>59287</obtid><ddatetime>20211024104919</ddatetime><t>154</t><p>10036</p><u>2</u><wd>155</wd><wf>13</wf><r>2</r><vis>101010</vis><endl/>
<obtid>59287</obtid><ddatetime>20211024105019</ddatetime><t>303</t><p>10212</p><u>62</u><wd>309</wd><wf>7</wf><r>11</r><vis>100349</vis><endl/>
<obtid>59287</obtid><ddatetime>20211024105119</ddatetime><t>214</t><p>10125</p><u>2</u><wd>14</wd><wf>70</wf><r>14</r><vis>101373</vis><endl/>
<obtid>59287</obtid><ddatetime>20211024105219</ddatetime><t>255</t><p>10016</p><u>32</u><wd>346</wd><wf>82</wf><r>9</r><vis>100680</vis><endl/>
<obtid>59287</obtid><ddatetime>20211024105319</ddatetime><t>293</t><p>10091</p><u>93</u><wd>45</wd><wf>136</wf><r>1</r><vis>100946</vis><endl/>
<obtid>59287</obtid><ddatetime>20211024105419</ddatetime><t>80</t><p>10138</p><u>16</u><wd>74</wd><wf>3</wf><r>6</r><vis>101859</vis><endl/>
<obtid>59287</obtid><ddatetime>20211024105519</ddatetime><t>277</t><p>10152</p><u>61</u><wd>92</wd><wf>108</wf><r>4</r><vis>103484</vis><endl/>
<obtid>59287</obtid><ddatetime>20211024105619</ddatetime><t>299</t><p>10039</p><u>77</u><wd>63</wd><wf>143</wf><r>0</r><vis>101053</vis><endl/>
<obtid>59287</obtid><ddatetime>20211024105719</ddatetime><t>142</t><p>10095</p><u>1</u><wd>103</wd><wf>127</wf><r>6</r><vis>103724</vis><endl/>
<obtid>59287</obtid><ddatetime>20211024094318</ddatetime><t>309</t><p>10200</p><u>18</u><wd>233</wd><wf>35</wf><r>4</r><vis>104627</vis><endl/>
<obtid>59287</obtid><ddatetime>20211024094418</ddatetime><t>268</t><p>10078</p><u>13</u><wd>90</wd><wf>103</wf><r>15</r><vis>101499</vis><endl/>
<obtid>59287</obtid><ddatetime>20211024094518</ddatetime><t>97</t><p>10202</p><u>58</u><wd>269</wd><wf>52</wf><r>15</r><vis>102553</vis><endl/>
<obtid>59287</obtid><ddatetime>20211024094618</ddatetime><t>19</t><p>10078</p><u>73</u><wd>312</wd><wf>103</wf><r>2</r><vis>104265</vis><endl/>
<obtid>59287</obtid><ddatetime>20211024094718</ddatetime><t>124</t><p>10104</p><u>27</u><wd>35</wd><wf>57</wf><r>9</r><vis>104240</vis><endl/>
<obtid>59287</obtid><ddatetime>20211024094818</ddatetime><t>267</t><p>10184</p><u>74</u><wd>332</wd><wf>102</wf><r>5</r><vis>103932</vis><endl/>
<obtid>59287</obtid><ddatetime>20211024094918</ddatetime><t>92</t><p>10077</p><u>32</u><wd>296</wd><wf>144</wf><r>2</r><vis>103070</vis><endl/>
<obtid>59287</obtid><ddatetime>20211024111419</ddatetime><t>286</t><p>10129</p><u>16</u><wd>192</wd><wf>104</wf><r>14</r><vis>100748</vis><endl/>
<obtid>59287</obtid><ddatetime>20211024111519</ddatetime><t>289</t><p>10035</p><u>86</u><wd>212</wd><wf>39</wf><r>0</r><vis>104020</vis><endl/>
<obtid>59287</obtid><ddatetime>20211024111619</ddatetime><t>154</t><p>10093</p><u>25</u><wd>206</wd><wf>62</wf><r>1</r><vis>104226</vis><endl/>
<obtid>59287</obtid><ddatetime>20211024111719</ddatetime><t>297</t><p>10167</p><u>81</u><wd>40</wd><wf>75</wf><r>9</r><vis>101999</vis><endl/>
<obtid>59287</obtid><ddatetime>20211024111819</ddatetime><t>108</t><p>10187</p><u>73</u><wd>255</wd><wf>80</wf><r>2</r><vis>104814</vis><endl/>
<obtid>59287</obtid><ddatetime>20211024111919</ddatetime><t>89</t><p>10261</p><u>50</u><wd>140</wd><wf>132</wf><r>6</r><vis>100395</vis><endl/>
<obtid>59287</obtid><ddatetime>20211024112020</ddatetime><t>304</t><p>10104</p><u>6</u><wd>212</wd><wf>57</wf><r>6</r><vis>101766</vis><endl/>
<obtid>59287</obtid><ddatetime>20211024112120</ddatetime><t>188</t><p>10162</p><u>1</u><wd>314</wd><wf>17</wf><r>2</r><vis>102086</vis><endl/>
<obtid>59287</obtid><ddatetime>20211024112220</ddatetime><t>130</t><p>10204</p><u>47</u><wd>227</wd><wf>66</wf><r>1</r><vis>102534</vis><endl/>
<obtid>59287</obtid><ddatetime>20211024110619</ddatetime><t>53</t><p>10234</p><u>59</u><wd>227</wd><wf>25</wf><r>11</r><vis>102522</vis><endl/>
<obtid>59287</obtid><ddatetime>20211024110719</ddatetime><t>113</t><p>10158</p><u>27</u><wd>172</wd><wf>47</wf><r>7</r><vis>102914</vis><endl/>
<obtid>59287</obtid><ddatetime>20211024110819</ddatetime><t>16</t><p>10063</p><u>48</u><wd>354</wd><wf>30</wf><r>13</r><vis>104255</vis><endl/>
<obtid>59287</obtid><ddatetime>20211024110919</ddatetime><t>122</t><p>10124</p><u>73</u><wd>350</wd><wf>73</wf><r>1</r><vis>102429</vis><endl/>
<obtid>59287</obtid><ddatetime>20211024111019</ddatetime><t>226</t><p>10194</p><u>31</u><wd>49</wd><wf>43</wf><r>9</r><vis>102181</vis><endl/>
<obtid>59287</obtid><ddatetime>20211024111119</ddatetime><t>12</t><p>10194</p><u>12</u><wd>160</wd><wf>79</wf><r>15</r><vis>100853</vis><endl/>
<obtid>59287</obtid><ddatetime>20211024111219</ddatetime><t>251</t><p>10132</p><u>53</u><wd>201</wd><wf>94</wf><r>14</r><vis>101900</vis><endl/>
<obtid>59287</obtid><ddatetime>20211024111319</ddatetime><t>199</t><p>10135</p><u>41</u><wd>72</wd><wf>26</wf><r>0</r><vis>104055</vis><endl/>
<obtid>59287</obtid><ddatetime>20211024112320</ddatetime><t>178</t><p>10200</p><u>31</u><wd>275</wd><wf>2</wf><r>14</r><vis>103642</vis><endl/>
<obtid>59287</obtid><ddatetime>20211024112420</ddatetime><t>48</t><p>10095</p><u>98</u><wd>347</wd><wf>60</wf><r>10</r><vis>104198</vis><endl/>
<obtid>59287</obtid><ddatetime>20211024112520</ddatetime><t>324</t><p>10156</p><u>41</u><wd>35</wd><wf>58</wf><r>7</r><vis>100519</vis><endl/>
<obtid>59287</obtid><ddatetime>20211024112620</ddatetime><t>284</t><p>10039</p><u>53</u><wd>236</wd><wf>79</wf><r>9</r><vis>102331</vis><endl/>
<obtid>59287</obtid><ddatetime>20211024112720</ddatetime><t>249</t><p>10014</p><u>16</u><wd>71</wd><wf>138</wf><r>14</r><vis>100108</vis><endl/>
<obtid>59287</obtid><ddatetime>20211024112820</ddatetime><t>318</t><p>10263</p><u>76</u><wd>85</wd><wf>105</wf><r>4</r><vis>102528</vis><endl/>
<obtid>59287</obtid><ddatetime>20211024112920</ddatetime><t>292</t><p>10249</p><u>9</u><wd>252</wd><wf>131</wf><r>15</r><vis>102067</vis><endl/>
</data>
